                  epoch,         train/box_loss,         train/cls_loss,         train/dfl_loss,   metrics/precision(B),      metrics/recall(B),       metrics/mAP50(B),    metrics/mAP50-95(B),           val/box_loss,           val/cls_loss,           val/dfl_loss,                 lr/pg0,                 lr/pg1,                 lr/pg2
                      1,                 3.2979,                 2.8432,                 1.8629,                0.23722,                0.31848,                0.18754,                0.05167,                  2.699,                 2.2546,                 1.3494,             0.00045728,             0.00045728,             0.00045728
                      2,                 2.7562,                 1.8524,                 1.4549,                0.42258,                0.35771,                0.32653,                0.11645,                 2.6216,                 1.6411,                 1.4512,             0.00091965,             0.00091965,             0.00091965
                      3,                 2.6471,                 1.7573,                 1.4285,                0.43946,                0.36577,                0.33321,                0.11573,                 2.5573,                 1.6385,                 1.4028,              0.0013727,              0.0013727,              0.0013727
                      4,                 2.6228,                 1.7461,                 1.3689,                0.47811,                 0.3938,                0.37058,                0.14039,                 2.4072,                 1.6205,                 1.3207,              0.0013866,              0.0013866,              0.0013866
                      5,                 2.6054,                 1.7785,                 1.3742,                0.45611,                0.39165,                0.36414,                0.13461,                 2.3917,                 1.6439,                  1.318,              0.0013866,              0.0013866,              0.0013866
                      6,                 2.5462,                 1.7233,                 1.3404,                0.52121,                0.40267,                0.41605,                0.15506,                 2.3937,                 1.5622,                 1.3219,              0.0013724,              0.0013724,              0.0013724
                      7,                 2.5228,                 1.7267,                 1.3474,                0.52262,                0.40949,                0.42508,                0.16032,                 2.3573,                 1.5587,                 1.2977,              0.0013583,              0.0013583,              0.0013583
                      8,                 2.4915,                 1.7029,                 1.3513,                0.46391,                0.41823,                0.40367,                0.15197,                 2.3883,                 1.5899,                 1.3148,              0.0013441,              0.0013441,              0.0013441
                      9,                 2.4994,                 1.6908,                 1.3328,                0.55747,                0.41738,                0.43693,                0.16305,                 2.3806,                 1.5943,                 1.3048,                0.00133,                0.00133,                0.00133
                     10,                 2.4668,                  1.687,                 1.3178,                0.55461,                0.41873,                0.44092,                0.17117,                 2.3401,                 1.5505,                 1.2939,              0.0013158,              0.0013158,              0.0013158
                     11,                 2.4848,                 1.7013,                 1.3295,                0.51084,                0.43301,                0.43431,                0.16353,                 2.3287,                 1.6338,                 1.2644,              0.0013017,              0.0013017,              0.0013017
                     12,                 2.4765,                 1.6723,                 1.3014,                0.54474,                0.43185,                0.44219,                0.16353,                 2.3891,                 1.5523,                 1.2878,              0.0012875,              0.0012875,              0.0012875
                     13,                 2.4265,                 1.6794,                 1.2994,                0.56225,                0.42369,                0.44358,                0.17398,                 2.3106,                 1.5736,                  1.263,              0.0012734,              0.0012734,              0.0012734
                     14,                 2.4506,                 1.6669,                    1.3,                 0.5792,                0.41586,                0.44978,                0.17158,                 2.3023,                 1.5563,                 1.2591,              0.0012592,              0.0012592,              0.0012592
                     15,                 2.4088,                 1.6487,                 1.2837,                0.60019,                0.43433,                0.45714,                0.17069,                  2.286,                 1.5705,                 1.2553,              0.0012451,              0.0012451,              0.0012451
                     16,                 2.4397,                 1.6787,                 1.3052,                0.57842,                0.42287,                0.45484,                0.17517,                 2.2905,                 1.5725,                 1.2627,              0.0012309,              0.0012309,              0.0012309
                     17,                 2.4347,                 1.6792,                 1.2986,                0.55585,                  0.421,                0.43904,                0.16876,                 2.2728,                 1.5746,                 1.2449,              0.0012168,              0.0012168,              0.0012168
                     18,                 2.3996,                    1.7,                 1.2888,                0.57626,                0.43218,                0.46233,                0.17661,                 2.2883,                 1.5623,                  1.259,              0.0012026,              0.0012026,              0.0012026
                     19,                 2.3958,                 1.6724,                 1.2711,                0.55064,                0.45178,                0.46996,                0.17605,                 2.2719,                 1.5477,                 1.2359,              0.0011885,              0.0011885,              0.0011885
                     20,                 2.3945,                  1.643,                 1.2876,                 0.5752,                0.40926,                0.44638,                0.17628,                 2.2548,                 1.5721,                  1.234,              0.0011744,              0.0011744,              0.0011744
                     21,                  2.397,                  1.682,                 1.2683,                 0.5825,                0.45474,                0.47526,                0.18199,                 2.2734,                 1.5366,                  1.243,              0.0011602,              0.0011602,              0.0011602
                     22,                 2.4069,                 1.6488,                  1.284,                0.57405,                0.44867,                0.47117,                0.17604,                 2.3328,                 1.5372,                 1.2618,              0.0011461,              0.0011461,              0.0011461
                     23,                 2.3712,                 1.6527,                 1.2809,                0.58614,                0.46465,                0.47673,                0.18176,                 2.2704,                  1.535,                  1.247,              0.0011319,              0.0011319,              0.0011319
                     24,                 2.3628,                 1.6222,                 1.2482,                0.54816,                0.39732,                0.43378,                0.16742,                 2.3146,                 1.5889,                 1.2506,              0.0011178,              0.0011178,              0.0011178
                     25,                 2.3915,                 1.6485,                 1.2559,                0.59071,                0.45305,                0.46561,                 0.1805,                 2.2337,                 1.5673,                 1.2287,              0.0011036,              0.0011036,              0.0011036
                     26,                   2.36,                 1.6168,                 1.2485,                0.57474,                0.42776,                 0.4636,                0.16983,                 2.3219,                 1.5378,                 1.2494,              0.0010895,              0.0010895,              0.0010895
                     27,                 2.3902,                 1.6437,                 1.2565,                0.61013,                0.42396,                0.46563,                0.18083,                 2.2519,                 1.5531,                 1.2169,              0.0010753,              0.0010753,              0.0010753
                     28,                 2.3529,                 1.6314,                 1.2518,                0.61569,                0.39693,                0.45866,                0.17335,                  2.274,                 1.5957,                  1.224,              0.0010612,              0.0010612,              0.0010612
                     29,                 2.3517,                 1.6449,                 1.2536,                0.62751,                0.43095,                0.47365,                0.17866,                 2.2778,                 1.5298,                 1.2381,               0.001047,               0.001047,               0.001047
                     30,                 2.3379,                 1.6077,                 1.2629,                0.55027,                 0.4175,                0.46917,                0.17802,                 2.2592,                 1.5687,                 1.2268,              0.0010329,              0.0010329,              0.0010329
                     31,                 2.3437,                 1.6362,                 1.2653,                0.60878,                0.44296,                0.49041,                0.19178,                 2.2105,                 1.5138,                 1.2072,              0.0010187,              0.0010187,              0.0010187
                     32,                 2.3784,                 1.6633,                 1.2519,                0.61023,                 0.4427,                0.47716,                0.18417,                 2.2471,                 1.5526,                 1.2123,              0.0010046,              0.0010046,              0.0010046
                     33,                 2.3445,                 1.6043,                 1.2443,                0.57788,                0.44771,                0.47596,                0.18694,                 2.2261,                 1.5342,                 1.2157,             0.00099044,             0.00099044,             0.00099044
                     34,                 2.3404,                 1.6243,                 1.2544,                0.58485,                 0.4511,                0.47877,                0.18884,                  2.224,                 1.5437,                 1.2089,             0.00097629,             0.00097629,             0.00097629
                     35,                 2.3362,                 1.6224,                 1.2538,                0.59296,                0.44441,                0.47108,                 0.1788,                 2.2732,                  1.559,                 1.2251,             0.00096215,             0.00096215,             0.00096215
                     36,                 2.3097,                 1.5946,                 1.2416,                0.58009,                 0.4592,                0.48954,                0.19105,                 2.2133,                 1.5231,                 1.2092,               0.000948,               0.000948,               0.000948
                     37,                 2.2926,                 1.6176,                 1.2417,                0.61063,                0.46695,                0.50005,                0.19841,                 2.2071,                 1.4993,                 1.2076,             0.00093385,             0.00093385,             0.00093385
                     38,                 2.3245,                 1.6103,                 1.2363,                0.58373,                0.44491,                0.49358,                0.19478,                 2.1919,                 1.5201,                 1.1962,              0.0009197,              0.0009197,              0.0009197
                     39,                 2.3017,                 1.6056,                 1.2442,                0.54933,                 0.4939,                0.48302,                0.18646,                 2.2045,                 1.6076,                 1.1987,             0.00090556,             0.00090556,             0.00090556
                     40,                 2.2904,                 1.5892,                 1.2256,                0.53881,                0.42925,                0.45495,                0.18014,                 2.2526,                 1.5451,                 1.2323,             0.00089141,             0.00089141,             0.00089141
                     41,                 2.2981,                 1.6089,                 1.2468,                0.57945,                0.44889,                0.48217,                0.18841,                 2.2027,                 1.5556,                 1.1943,             0.00087726,             0.00087726,             0.00087726
                     42,                 2.3135,                 1.5986,                 1.2338,                0.58432,                0.45183,                0.47612,                0.18268,                 2.2574,                 1.5157,                 1.2297,             0.00086312,             0.00086312,             0.00086312
                     43,                  2.291,                 1.6025,                 1.2301,                0.56135,                0.44173,                0.48634,                0.19054,                  2.226,                 1.5171,                 1.2028,             0.00084897,             0.00084897,             0.00084897
                     44,                 2.3059,                 1.5914,                 1.2411,                0.57791,                0.43778,                0.46966,                0.18028,                 2.2454,                 1.5556,                 1.2194,             0.00083482,             0.00083482,             0.00083482
                     45,                 2.3067,                 1.5783,                 1.2256,                0.54632,                0.44684,                0.48439,                0.18673,                 2.2333,                 1.5294,                 1.2076,             0.00082067,             0.00082067,             0.00082067
                     46,                 2.3088,                 1.6067,                  1.238,                0.60552,                0.45667,                0.49668,                0.19477,                 2.2361,                  1.518,                 1.2135,             0.00080653,             0.00080653,             0.00080653
                     47,                 2.2732,                 1.5798,                 1.2201,                0.56639,                0.45363,                0.47813,                0.18023,                 2.2723,                 1.5113,                 1.2194,             0.00079238,             0.00079238,             0.00079238
                     48,                 2.2702,                 1.5886,                 1.2325,                  0.558,                 0.4377,                0.47557,                0.18375,                 2.2361,                 1.5294,                 1.2057,             0.00077823,             0.00077823,             0.00077823
                     49,                 2.3093,                 1.5946,                 1.2371,                0.60801,                0.44544,                0.50002,                0.19244,                 2.2285,                 1.5118,                 1.2105,             0.00076409,             0.00076409,             0.00076409
                     50,                  2.265,                  1.568,                 1.2254,                0.56854,                0.43817,                0.48132,                0.18147,                 2.2801,                  1.539,                 1.2148,             0.00074994,             0.00074994,             0.00074994
                     51,                 2.2842,                  1.572,                 1.2231,                0.58915,                0.44408,                0.49377,                0.19213,                 2.2143,                 1.5304,                 1.2013,             0.00073579,             0.00073579,             0.00073579
                     52,                 2.2649,                 1.5646,                 1.2219,                0.60232,                  0.463,                0.49376,                0.19353,                 2.2416,                 1.5077,                 1.2144,             0.00072164,             0.00072164,             0.00072164
                     53,                 2.2539,                 1.5359,                 1.2096,                0.59619,                0.44714,                0.49455,                0.19513,                  2.207,                 1.5128,                 1.1955,              0.0007075,              0.0007075,              0.0007075
                     54,                 2.2513,                 1.5674,                 1.2209,                0.61496,                0.44271,                0.50126,                  0.195,                 2.2165,                 1.4873,                 1.2018,             0.00069335,             0.00069335,             0.00069335
                     55,                 2.2588,                 1.5544,                 1.2191,                0.60159,                 0.4791,                0.50111,                0.19493,                 2.2051,                 1.4979,                 1.1978,              0.0006792,              0.0006792,              0.0006792
                     56,                 2.2597,                 1.5775,                 1.2271,                0.60671,                0.46515,                0.50692,                0.20013,                 2.1789,                 1.5106,                 1.1848,             0.00066506,             0.00066506,             0.00066506
                     57,                 2.2701,                 1.5538,                   1.22,                0.60121,                0.47585,                0.50792,                 0.1996,                 2.1962,                 1.5102,                 1.1935,             0.00065091,             0.00065091,             0.00065091
                     58,                 2.2518,                 1.5451,                 1.2086,                0.62397,                 0.4574,                0.51214,                0.20217,                 2.2052,                 1.4999,                 1.1913,             0.00063676,             0.00063676,             0.00063676
                     59,                 2.2847,                 1.5776,                 1.2154,                0.59328,                 0.4534,                0.48624,                0.18773,                 2.2565,                 1.5011,                  1.214,             0.00062262,             0.00062262,             0.00062262
                     60,                 2.2562,                 1.5545,                 1.2083,                0.60601,                0.46962,                0.51063,                0.20164,                 2.2009,                 1.4927,                 1.1946,             0.00060847,             0.00060847,             0.00060847
                     61,                 2.2655,                 1.5498,                 1.2146,                0.60451,                0.44905,                0.50464,                0.19672,                 2.1999,                 1.5045,                 1.1898,             0.00059432,             0.00059432,             0.00059432
                     62,                 2.2014,                 1.5314,                 1.2168,                0.60722,                 0.4601,                0.50963,                0.20037,                 2.2069,                 1.4844,                 1.1966,             0.00058017,             0.00058017,             0.00058017
                     63,                   2.23,                 1.5271,                 1.2078,                0.57866,                0.44324,                0.48486,                0.19173,                 2.2402,                 1.4923,                 1.2084,             0.00056603,             0.00056603,             0.00056603
                     64,                 2.2639,                 1.5609,                  1.202,                0.59264,                0.45055,                0.49899,                0.19804,                 2.1835,                 1.4969,                 1.1895,             0.00055188,             0.00055188,             0.00055188
                     65,                 2.2391,                  1.542,                 1.2166,                0.58719,                0.44685,                0.50853,                0.20374,                 2.1814,                 1.4758,                 1.1896,             0.00053773,             0.00053773,             0.00053773
                     66,                 2.2199,                 1.5277,                 1.2066,                0.62962,                0.44999,                0.50802,                0.19625,                  2.242,                 1.4815,                 1.2175,             0.00052359,             0.00052359,             0.00052359
                     67,                 2.2561,                 1.5387,                 1.2147,                0.62263,                0.45156,                 0.5025,                0.20041,                 2.1899,                 1.4916,                 1.1869,             0.00050944,             0.00050944,             0.00050944
                     68,                 2.2199,                 1.5143,                 1.2066,                0.61384,                  0.458,                0.50208,                0.19942,                 2.2075,                 1.4829,                 1.1958,             0.00049529,             0.00049529,             0.00049529
                     69,                 2.2153,                 1.5244,                 1.2116,                0.59137,                0.44402,                0.49625,                0.19623,                 2.2403,                 1.4818,                 1.2092,             0.00048114,             0.00048114,             0.00048114
                     70,                 2.2478,                 1.5378,                 1.2157,                0.63689,                  0.436,                0.50021,                0.19988,                 2.2071,                  1.477,                 1.1991,               0.000467,               0.000467,               0.000467
                     71,                 2.2422,                 1.5454,                 1.2156,                 0.6107,                0.45446,                0.50428,                0.20267,                  2.164,                 1.4996,                 1.1796,             0.00045285,             0.00045285,             0.00045285
                     72,                 2.2312,                 1.5334,                 1.2045,                0.62452,                0.47754,                0.51203,                0.20157,                 2.2062,                 1.4783,                 1.1993,              0.0004387,              0.0004387,              0.0004387
                     73,                 2.2198,                 1.5275,                 1.1983,                0.61078,                0.44416,                 0.5046,                0.20544,                 2.1889,                 1.4947,                 1.1889,             0.00042456,             0.00042456,             0.00042456
                     74,                 2.2203,                 1.5058,                  1.192,                0.62511,                0.46694,                0.51331,                0.20727,                 2.1747,                 1.4766,                 1.1869,             0.00041041,             0.00041041,             0.00041041
                     75,                 2.2016,                 1.5127,                 1.1927,                0.63856,                 0.4462,                0.51088,                0.20375,                  2.208,                 1.4691,                 1.1932,             0.00039626,             0.00039626,             0.00039626
                     76,                 2.1849,                 1.5061,                 1.1892,                0.62553,                0.47753,                0.51717,                0.20838,                 2.1804,                 1.4706,                 1.1887,             0.00038211,             0.00038211,             0.00038211
                     77,                 2.1982,                 1.5203,                 1.2055,                0.61028,                0.46849,                0.50354,                0.19911,                 2.1771,                 1.4848,                 1.1815,             0.00036797,             0.00036797,             0.00036797
                     78,                 2.1745,                 1.4916,                 1.1945,                0.60237,                0.48506,                0.51796,                0.20949,                 2.1817,                 1.4855,                 1.1867,             0.00035382,             0.00035382,             0.00035382
                     79,                 2.2022,                 1.5045,                 1.1961,                0.64262,                0.46197,                0.52358,                0.20821,                 2.1867,                 1.4666,                 1.1852,             0.00033967,             0.00033967,             0.00033967
                     80,                 2.1926,                  1.495,                 1.2112,                0.63708,                0.46357,                0.51862,                0.20608,                 2.1839,                 1.4651,                 1.1855,             0.00032553,             0.00032553,             0.00032553
                     81,                 2.1695,                 1.4923,                 1.1904,                0.63858,                 0.4767,                0.53185,                0.21043,                 2.1778,                 1.4523,                 1.1817,             0.00031138,             0.00031138,             0.00031138
                     82,                 2.1998,                 1.4937,                 1.1991,                 0.6251,                0.46753,                0.51796,                0.20794,                 2.1784,                 1.4769,                 1.1803,             0.00029723,             0.00029723,             0.00029723
                     83,                 2.1734,                 1.4918,                 1.1917,                0.61547,                0.47329,                0.51737,                0.20696,                 2.1919,                 1.4757,                 1.1898,             0.00028308,             0.00028308,             0.00028308
                     84,                 2.1705,                 1.4794,                    1.2,                0.65094,                0.46667,                0.51871,                0.20864,                 2.1873,                 1.4743,                  1.187,             0.00026894,             0.00026894,             0.00026894
                     85,                 2.1724,                 1.4956,                 1.1928,                0.64247,                 0.4772,                0.52705,                 0.2112,                 2.1552,                 1.4545,                 1.1758,             0.00025479,             0.00025479,             0.00025479
                     86,                 2.1458,                 1.4708,                 1.1948,                0.64335,                0.47738,                0.52742,                0.21147,                 2.1748,                 1.4483,                 1.1884,             0.00024064,             0.00024064,             0.00024064
                     87,                  2.165,                 1.4641,                 1.1798,                0.63041,                0.48068,                0.52827,                0.21227,                 2.1677,                 1.4608,                  1.181,              0.0002265,              0.0002265,              0.0002265
                     88,                 2.1703,                 1.4703,                 1.1827,                0.62755,                0.48403,                0.52248,                0.20736,                 2.1805,                 1.4648,                 1.1861,             0.00021235,             0.00021235,             0.00021235
                     89,                 2.1589,                 1.4783,                 1.1819,                0.62388,                0.47802,                0.52077,                0.20624,                   2.17,                 1.4696,                 1.1816,              0.0001982,              0.0001982,              0.0001982
                     90,                 2.1699,                 1.4863,                   1.19,                0.64545,                 0.4716,                0.51934,                0.20772,                 2.1719,                 1.4544,                 1.1865,             0.00018406,             0.00018406,             0.00018406
                     91,                 2.0911,                 1.4997,                 1.2143,                 0.5921,                 0.4702,                0.51674,                  0.208,                 2.1766,                  1.465,                 1.1846,             0.00016991,             0.00016991,             0.00016991
                     92,                 2.0824,                 1.4478,                  1.216,                0.57418,                0.47556,                0.52239,                0.21058,                  2.167,                 1.4764,                 1.1818,             0.00015576,             0.00015576,             0.00015576
                     93,                 2.0772,                 1.4446,                 1.2192,                0.61672,                0.46031,                0.52124,                0.21131,                 2.1674,                  1.476,                 1.1842,             0.00014161,             0.00014161,             0.00014161
                     94,                 2.0824,                 1.4539,                 1.2105,                0.64021,                0.46877,                0.52946,                0.21258,                 2.1614,                 1.4789,                 1.1793,             0.00012747,             0.00012747,             0.00012747
                     95,                 2.0588,                 1.4526,                  1.211,                0.63815,                0.45211,                0.52846,                0.21271,                 2.1661,                 1.4687,                 1.1822,             0.00011332,             0.00011332,             0.00011332
                     96,                 2.0614,                 1.4364,                 1.2121,                0.66293,                0.45346,                0.53161,                0.21565,                 2.1638,                 1.4644,                  1.179,             9.9173e-05,             9.9173e-05,             9.9173e-05
                     97,                 2.0689,                 1.4379,                 1.2117,                0.64921,                0.45904,                0.53018,                0.21551,                 2.1696,                 1.4611,                  1.183,             8.5026e-05,             8.5026e-05,             8.5026e-05
                     98,                 2.0559,                 1.4158,                 1.2203,                0.64147,                0.45653,                0.53086,                0.21563,                 2.1696,                 1.4587,                 1.1817,             7.0878e-05,             7.0878e-05,             7.0878e-05
                     99,                 2.0539,                 1.4302,                 1.2059,                0.65615,                0.46046,                0.53042,                0.21564,                 2.1681,                  1.459,                 1.1796,             5.6731e-05,             5.6731e-05,             5.6731e-05
                    100,                 2.0668,                 1.4284,                 1.2007,                0.65002,                0.46862,                0.53212,                0.21599,                 2.1658,                 1.4594,                 1.1803,             4.2584e-05,             4.2584e-05,             4.2584e-05
